ID           , Title                                                , Verdict                , What was wrong                                                                                                , My Fix
TC-LOG-01    , Successful login with valid credentials              , Usable                 ,                                                                                                               , 
TC-LOG-02    , Locked-out user cannot log in                        , Usable                 ,                                                                                                               , 
TC-LOG-03    , Login with empty username                            , Usable                 ,                                                                                                               , 
TC-LOG-04    , Login with empty password                            , Usable                 ,                                                                                                               , 
TC-LOG-05    , Login with both fields empty                         , Usable                 ,                                                                                                               , 
TC-LOG-06    , Login with incorrect password                        , Usable                 ,                                                                                                               , 
TC-LOG-07    , Username and password with leading/trailing spaces   , Edited                 , AI didn't know if the user would be able to login or not                                                      , **Expected Result:** User gets a validation error and is not able to login
TC-PL-01     , Sort products by Name (A to Z)                       , Usable                 , -                                                                                                             , -
TC-PL-02     , Sort products by Name (Z to A)                       , Usable                 ,                                                                                                               , 
TC-PL-03     , Sort products by Price (low to high)                 , Usable                 ,                                                                                                               , 
TC-PL-04     , Sort products by Price (high to low)                 , Usable                 ,                                                                                                               , 
TC-PL-05     , Sort products with identical prices                  , Edited                 , "Expected result says the ""secondary tie-breaker remains consistent"" without saying what the tie-breaker is", "Expected Result: Items are sorted by price in the correct direction, with no lost or duplicated cards. Items that share a price keep the same relative order each time the same sort is applied."
TC-PL-06     , Sort products with identical product names           , Wrong                  , Every product name is unique                                                                                  , Title: Name sorting keeps every item once and Z-A mirrors A-Z
TC-PL-07     , Rapid sequential sort changes                        , Edited                 , "Expected result was vague ('UI race conditions'), so I made it checkable"                                    , 
TC-CRT-01    , Add a single product to cart                         , Edited                 , Title was vague                                                                                               , Title: Cart icon display when an item is added
TC-CRT-02    , Add multiple distinct products to cart               , Edited                 , Title was vague                                                                                               , Title: Cart icon display when multiple items are added
TC-CRT-03    , Remove a product from the cart view                  , Edited                 , 2 or more items needs to be added for this test                                                               , **Preconditions:** User has at least two items added to the cart; user navigates to cart page.
TC-CRT-04    , Remove product directly from product list page       , Usable                 ,                                                                                                               , 
TC-CRT-05    , Remove all items from cart                           , Edited                 , AI didn't know if the card badge display should be zero or disappear                                          , **Expected Result:** Cart becomes empty; the cart badge number disappears
TC-CRT-06    , Add all available products on the page to cart       , Usable                 ,                                                                                                               , 
TC-CRT-07    , Persistence of cart across page navigation           , Usable                 ,                                                                                                               , 
TC-CHK-01    , Successful checkout submission                       , Usable                 ,                                                                                                               , 
TC-CHK-02    , Checkout with empty First Name                       , Usable                 ,                                                                                                               , 
TC-CHK-03    , Checkout with empty Last Name                        , Usable                 ,                                                                                                               , 
TC-CHK-04    , Checkout with empty Postal Code                      , Usable                 ,                                                                                                               , 
TC-CHK-05    , Checkout with all fields empty                       , Edited                 , Validation error' is vague                                                                                    , **Expected Result:** First name error is displayed
TC-CHK-06    , Checkout with alphanumeric and hyphenated postal code, Usable                 ,                                                                                                               , 
TC-CHK-07    , Checkout with special characters in name fields      , Edited                 , """Without UI breakage"" is vague"                                                                            , 
TC-CHK-08    , Attempt checkout with an empty cart                  , "Usable, exposed a bug", "The test case is correct, but the app doesn't behave as it should"                                           , 
             ,                                                      ,                        ,                                                                                                               , 
             ,                                                      ,                        ,                                                                                                               , 
             ,                                                      ,                        ,                                                                                                               , 
Usable: 19/29, Edited: 9/29                                         , Wrong: 1/29            ,                                                                                                               , 
